{"stats":{"minecraft:used":{"minecraft:mace":2,"minecraft:command_block":3,"minecraft:drowned_spawn_egg":1,"minecraft:repeating_command_block":1,"minecraft:axolotl_spawn_egg":1},"minecraft:mined":{"minecraft:short_grass":5},"minecraft:dropped":{"minecraft:wheat_seeds":1,"minecraft:trident":1},"minecraft:picked_up":{"minecraft:wheat_seeds":2,"minecraft:trident":1},"minecraft:custom":{"minecraft:time_since_rest":11024,"minecraft:crouch_one_cm":100,"minecraft:play_time":11024,"minecraft:sprint_one_cm":16813,"minecraft:walk_one_cm":30571,"minecraft:sneak_time":10,"minecraft:walk_under_water_one_cm":481,"minecraft:drop":2,"minecraft:jump":87,"minecraft:damage_dealt":167,"minecraft:leave_game":1,"minecraft:time_since_death":11024,"minecraft:walk_on_water_one_cm":982,"minecraft:total_world_time":11024,"minecraft:swim_one_cm":1703,"minecraft:fall_one_cm":269,"minecraft:fly_one_cm":15525}},"DataVersion":3953}